{
  "games": [
    {
      "id": "0038ff54-08b8-4873-8087-d1cf2c27b093",
      "platform": "PlayStation 4",
      "name": "The Evil Within 2",
      "image": "https://media.rawg.io/media/games/d5f/d5fd2f970f48d0877a53aec98825faba.jpg",
      "genre": "Action",
      "rating": 1,
      "releaseDate": "2017-10-11",
      "price": 119
    },
    {
      "id": "005ec56d-5f61-4456-8a23-585643ef1128",
      "platform": "PC",
      "name": "Endorlight",
      "image": "https://media.rawg.io/media/screenshots/9b7/9b7a0b5098e32bfe030115f17df363ba.jpg",
      "genre": "Adventure",
      "rating": 1,
      "releaseDate": "2016-04-26",
      "price": 60.6
    },
    {
      "id": "00cbc762-25bc-427a-9db7-3601732a38d5",
      "platform": "Nintendo Switch",
      "name": "Hades",
      "image": "https://media.rawg.io/media/games/1f4/1f47a270b8f241e4676b14d39ec620f7.jpg",
      "genre": "Action",
      "rating": 1.72,
      "releaseDate": "2020-09-17",
      "price": 67.79
    },
    {
      "id": "00df5ab1-b8d5-48a0-815b-07d86363f1c6",
      "platform": "PlayStation 4",
      "name": "Far Cry Primal",
      "image": "https://media.rawg.io/media/games/119/119bb59e64c7956171a33df0d35aee6b.jpg",
      "genre": "Action",
      "rating": 4.42,
      "releaseDate": "2016-02-23",
      "price": 142.88
    },
    {
      "id": "016e4bc2-6e5e-4ecf-a5ab-b5b4268e3a58",
      "platform": "Nintendo Switch",
      "name": "The Bridge",
      "image": "https://media.rawg.io/media/screenshots/5a3/5a36930b16d9b1949d8c8c92b5a28d89.jpg",
      "genre": "Strategy",
      "rating": 1,
      "releaseDate": "2013-02-22",
      "price": 137.07
    },
    {
      "id": "018bf31f-6b42-4061-9996-97c22701f620",
      "platform": "PC",
      "name": "Bio Menace",
      "image": "https://media.rawg.io/media/screenshots/c4b/c4b46dbe5ef63e9e884cb4aaaa42bc0b.jpg",
      "genre": "Action",
      "rating": 3.87,
      "releaseDate": "1993-08-02",
      "price": 86.65
    },
    {
      "id": "01a1dc16-dac2-4093-89c7-1edb0fe10b14",
      "platform": "PlayStation 3",
      "name": "Rogue Legacy",
      "image": "https://media.rawg.io/media/screenshots/244/244734c34364554c64d9cd059cc90c73.jpg",
      "genre": "Action",
      "rating": 1,
      "releaseDate": "2013-06-26",
      "price": 111.3
    },
    {
      "id": "01b40101-61a2-45cc-843f-a8b7e15a95ac",
      "platform": "Xbox One",
      "name": "LEGO Marvel Super Heroes",
      "image": "https://media.rawg.io/media/games/a87/a8743bdee8627c55bb9f2f01b9136ac1.jpg",
      "genre": "Action",
      "rating": 4.15,
      "releaseDate": "2013-10-22",
      "price": 148.13
    },
    {
      "id": "01ee21f8-3fd8-4a16-a8d2-156359c4db07",
      "platform": "PC",
      "name": "Crysis Warhead",
      "image": "https://media.rawg.io/media/games/e34/e344d4b45f3d393d44cbed087279379c.jpg",
      "genre": "Action",
      "rating": 4.43,
      "releaseDate": "2008-09-16",
      "price": 121.65
    },
    {
      "id": "02095516-fa6a-4144-ba34-095e7c153189",
      "platform": "PlayStation 4",
      "name": "Worms Battlegrounds",
      "image": "https://media.rawg.io/media/screenshots/772/77272915ed66e464986ad6afcdf52407.jpg",
      "genre": "Strategy",
      "rating": 1,
      "releaseDate": "2014-05-30",
      "price": 118.96
    },
    {
      "id": "028591c2-7e36-491e-83c5-6d9e7a1060b4",
      "platform": "PC",
      "name": "Mafia II",
      "image": "https://media.rawg.io/media/games/b5a/b5a1ee231afc407b49cc5f9716980b2d.jpg",
      "genre": "Action",
      "rating": 3.67,
      "releaseDate": "2010-08-24",
      "price": 69.95
    },
    {
      "id": "02f55fbd-d923-4d58-a336-05748264be4d",
      "platform": "PS Vita",
      "name": "Joe Danger 2: The Movie",
      "image": "https://media.rawg.io/media/screenshots/fef/fefee32869b3e8c909f9ec68aa99f78d.jpg",
      "genre": "Action",
      "rating": 4.28,
      "releaseDate": "2012-09-14",
      "price": 77.61
    },
    {
      "id": "032cfd12-9cd8-4ff5-87a5-8c39041c4dfe",
      "platform": "macOS",
      "name": "Overlord: Raising Hell",
      "image": "https://media.rawg.io/media/games/f8c/f8c181db845de856e519558451b8e481.jpg",
      "genre": "RPG",
      "rating": 1,
      "releaseDate": "2008-02-15",
      "price": 65.69
    },
    {
      "id": "03ca34ee-f60f-4e61-a1d3-0451e9e90aa1",
      "platform": "PlayStation 3",
      "name": "Alien Breed 2: Assault",
      "image": "https://media.rawg.io/media/screenshots/fdc/fdc21a8972c4b38fb0e517db7f6e9e23.jpg",
      "genre": "Action",
      "rating": 1.8,
      "releaseDate": "2010-09-22",
      "price": 104.26
    },
    {
      "id": "03cdb1b4-f7fe-4efd-af38-76fe5898ef42",
      "platform": "PlayStation 4",
      "name": "Persona 5 Royal",
      "image": "https://media.rawg.io/media/games/a9c/a9c789951de65da545d51f664b4f2ce0.jpg",
      "genre": "Adventure",
      "rating": 1,
      "releaseDate": "2020-03-31",
      "price": 84.67
    },
    {
      "id": "03d247b6-a24a-4a3d-b7c1-1a2481db73f5",
      "platform": "PlayStation 4",
      "name": "DRIVECLUB",
      "image": "https://media.rawg.io/media/games/1de/1deed95a21d854f8a5cdfc249ff54c6c.jpg",
      "genre": "Simulation",
      "rating": 2.17,
      "releaseDate": "2014-09-07",
      "price": 116.88
    },
    {
      "id": "041b9d5a-44fe-469d-bd6a-1e6accc530a2",
      "platform": "Xbox One",
      "name": "SteamWorld Dig",
      "image": "https://media.rawg.io/media/games/e07/e07737df8469bf32d132ba9eaffc3461.jpg",
      "genre": "Action",
      "rating": 4.26,
      "releaseDate": "2013-08-08",
      "price": 75.97
    },
    {
      "id": "0438a005-60cd-4d9b-ad7c-335c79834a9a",
      "platform": "PC",
      "name": "Strike Suit Zero",
      "image": "https://media.rawg.io/media/screenshots/bc7/bc7213e54142ad1b902978395182de02.jpg",
      "genre": "Action",
      "rating": 4.01,
      "releaseDate": "2013-01-23",
      "price": 131.91
    },
    {
      "id": "0442011f-5c99-4d6d-a5cb-92eec737e655",
      "platform": "PlayStation 3",
      "name": "Defiance",
      "image": "https://media.rawg.io/media/games/f63/f63bb0916d982394dfedc1900375c88e.jpg",
      "genre": "Action",
      "rating": 1,
      "releaseDate": "2013-04-02",
      "price": 53.11
    },
    {
      "id": "0446989e-a144-429d-990b-51dd89458c21",
      "platform": "iOS",
      "name": "Distrust",
      "image": "https://media.rawg.io/media/screenshots/266/26650dfc6f675592f7062ecd8f1dde88.jpg",
      "genre": "Adventure",
      "rating": 4.64,
      "releaseDate": "2017-08-22",
      "price": 129.72
    },
    {
      "id": "0466585e-ecb1-4ac5-9917-2a1ddbb31567",
      "platform": "PlayStation 4",
      "name": "NBA 2K20",
      "image": "https://media.rawg.io/media/games/fdb/fdb65025dee2f0edb8c2b587afaff853.jpg",
      "genre": "Action",
      "rating": 3.66,
      "releaseDate": "2019-09-05",
      "price": 127.19
    },
    {
      "id": "04ac5c6d-cb0f-430a-ba60-76ca97f19067",
      "platform": "macOS",
      "name": "Hearts of Iron IV",
      "image": "https://media.rawg.io/media/games/2b6/2b6e8f8efaa2499e9a3a09dc76028d44.jpg",
      "genre": "Strategy",
      "rating": 4.83,
      "releaseDate": "2016-06-06",
      "price": 72.67
    },
    {
      "id": "04ec3270-38e1-4f48-919e-92f4a60735b5",
      "platform": "Nintendo Switch",
      "name": "Bad North",
      "image": "https://media.rawg.io/media/screenshots/c33/c3316ad8dac378244c48c1d93377e773.jpg",
      "genre": "Action",
      "rating": 3.17,
      "releaseDate": "2016-11-16",
      "price": 122.89
    },
    {
      "id": "052b107c-47c3-4188-a344-1cbfcf5ba896",
      "platform": "PC",
      "name": "A Plague Tale: Innocence",
      "image": "https://media.rawg.io/media/games/b4a/b4adf80c36e267b35acc3497ed2af19c.jpg",
      "genre": "Action",
      "rating": 1,
      "releaseDate": "2019-05-13",
      "price": 84.04
    },
    {
      "id": "052d785f-685f-4b55-8779-197c0a885d09",
      "platform": "macOS",
      "name": "Gear Up",
      "image": "https://media.rawg.io/media/screenshots/868/868a358e1c734f91cc836a37c92f61d6.jpg",
      "genre": "Action",
      "rating": 1.4,
      "releaseDate": "2015-01-28",
      "price": 63.29
    },
    {
      "id": "058ff3f1-aa28-478e-9f59-d9f3a021b5dd",
      "platform": "PlayStation 5",
      "name": "Immortals: Fenyx Rising",
      "image": "https://media.rawg.io/media/games/cd9/cd90cbe0868a2a3bbde2a9c245cb32b0.jpg",
      "genre": "Action",
      "rating": 1.96,
      "releaseDate": "2020-12-03",
      "price": 68.77
    },
    {
      "id": "059be3e0-e82d-4b66-9d48-f89f20a712fc",
      "platform": "macOS",
      "name": "Worms Clan Wars",
      "image": "https://media.rawg.io/media/screenshots/4b2/4b23b6af1a20c2fe6f4a353fe4f4fcc0.jpg",
      "genre": "Strategy",
      "rating": 1,
      "releaseDate": "2013-08-15",
      "price": 94.18
    },
    {
      "id": "059efcf6-6e1b-4de6-9cde-86461a4924bf",
      "platform": "Nintendo Switch",
      "name": "TowerFall Ascension",
      "image": "https://media.rawg.io/media/games/b61/b6193c5c1f917f38dce568f335f80c16.jpg",
      "genre": "Action",
      "rating": 1,
      "releaseDate": "2013-06-25",
      "price": 141.57
    },
    {
      "id": "05d57b45-aeea-433e-8691-3f1cbab453c8",
      "platform": "PC",
      "name": "Dead Island Riptide",
      "image": "https://media.rawg.io/media/games/569/5695d8534579129ad6b40fefa2ef360c.jpg",
      "genre": "Action",
      "rating": 3.12,
      "releaseDate": "2013-04-22",
      "price": 73.32
    },
    {
      "id": "0630a5e0-efd2-44a6-85d8-776e3310453e",
      "platform": "macOS",
      "name": "Sakura Spirit",
      "image": "https://media.rawg.io/media/screenshots/49d/49dd1acb774d1d182e90b667d61b7155.jpg",
      "genre": "Indie",
      "rating": 3.63,
      "releaseDate": "2014-07-09",
      "price": 114.89
    },
    {
      "id": "06a09636-7545-4f6d-b555-ec181463f66f",
      "platform": "PC",
      "name": "Far Cry",
      "image": "https://media.rawg.io/media/games/2ee/2eef5ed5e82c28d1299ecc2a0e60f2cb.jpg",
      "genre": "Action",
      "rating": 3.04,
      "releaseDate": "2004-03-22",
      "price": 81.71
    },
    {
      "id": "06de71fc-538d-4dd2-8a17-be92db65013a",
      "platform": "Xbox One",
      "name": "Dandara",
      "image": "https://media.rawg.io/media/games/839/83924d4b0be37f607d14a5c463dc0e47.jpg",
      "genre": "Action",
      "rating": 1,
      "releaseDate": "2018-02-06",
      "price": 74.62
    },
    {
      "id": "06e13aea-2958-4bae-a112-0ee2c2ed04d9",
      "platform": "macOS",
      "name": "Shelter",
      "image": "https://media.rawg.io/media/screenshots/eb7/eb70b94188815efea35b95222561e37e.jpg",
      "genre": "Adventure",
      "rating": 4.53,
      "releaseDate": "2013-08-27",
      "price": 149.61
    },
    {
      "id": "075d5064-9d34-4f5a-b8b2-328b88fac426",
      "platform": "PS Vita",
      "name": "Papers, Please",
      "image": "https://media.rawg.io/media/games/6d3/6d33014a4ed48a19c30a77ead5a0f62e.jpg",
      "genre": "Simulation",
      "rating": 2.66,
      "releaseDate": "2013-08-08",
      "price": 74.73
    },
    {
      "id": "07a3deeb-b8cf-4708-9ecd-7c6209b837ae",
      "platform": "PC",
      "name": "Out There Somewhere",
      "image": "https://media.rawg.io/media/screenshots/ddb/ddbcf3f1330e146094b0ce211e33090a.jpg",
      "genre": "Action",
      "rating": 2.05,
      "releaseDate": "2016-03-14",
      "price": 113.82
    },
    {
      "id": "07b301d6-5817-42ab-a552-d313dea9e3c4",
      "platform": "PC",
      "name": "Scribblenauts Unlimited",
      "image": "https://media.rawg.io/media/screenshots/42d/42d770eb49f2ba01cd4045e0d92af7a9.jpg",
      "genre": "Adventure",
      "rating": 1,
      "releaseDate": "2012-11-13",
      "price": 90.86
    },
    {
      "id": "0844ca25-f6a9-4317-8765-1c9fa707196d",
      "platform": "Xbox One",
      "name": "Reus",
      "image": "https://media.rawg.io/media/screenshots/825/8259c21da3dcb834daec3675a4dcebd3.jpg",
      "genre": "Strategy",
      "rating": 1,
      "releaseDate": "2013-05-15",
      "price": 108.07
    },
    {
      "id": "08458660-ce29-478d-a3b2-635467461d99",
      "platform": "Android",
      "name": "Morphopolis",
      "image": "https://media.rawg.io/media/screenshots/df7/df7314ef7e0ab35865c1584b120bd630.jpeg",
      "genre": "Action",
      "rating": 1,
      "releaseDate": "2013-11-07",
      "price": 69.24
    },
    {
      "id": "08661f16-817c-44bd-8950-8f513a9f849c",
      "platform": "PC",
      "name": "Only If",
      "image": "https://media.rawg.io/media/screenshots/ebb/ebb42064f754bd057f6e605021ab1e9d.jpg",
      "genre": "Adventure",
      "rating": 3.48,
      "releaseDate": "2014-07-25",
      "price": 123.69
    },
    {
      "id": "08848756-a079-413d-957d-594df49b91bf",
      "platform": "Xbox One",
      "name": "Doritos Crash Course",
      "image": "https://media.rawg.io/media/screenshots/a47/a47026f950f034c949a777b20e52ed32.jpg",
      "genre": "Platformer",
      "rating": 3.68,
      "releaseDate": "2010-08-12",
      "price": 98.14
    },
    {
      "id": "08863b25-54b0-4a9c-aa01-8141b737cd6d",
      "platform": "macOS",
      "name": "Stronghold HD",
      "image": "https://media.rawg.io/media/screenshots/88c/88c66f471e0b28d3f6711f162ef0848e_IOHyhbU.jpg",
      "genre": "Strategy",
      "rating": 3.89,
      "releaseDate": "2001-10-21",
      "price": 63.63
    },
    {
      "id": "088acdd2-94f7-4d64-9bdb-e526f497baf2",
      "platform": "Nintendo Switch",
      "name": "Broforce",
      "image": "https://media.rawg.io/media/games/9cc/9cc11e2e81403186c7fa9c00c143d6e4.jpg",
      "genre": "Action",
      "rating": 2.75,
      "releaseDate": "2015-10-15",
      "price": 110.34
    },
    {
      "id": "08b1fe0e-37f5-430c-9ebf-4581dd5f864e",
      "platform": "Xbox One",
      "name": "The Medium",
      "image": "https://media.rawg.io/media/games/8f5/8f5c25901d96e709ea631599106eda1c.jpg",
      "genre": "Action",
      "rating": 2.62,
      "releaseDate": "2021-01-28",
      "price": 125.58
    },
    {
      "id": "08b5d187-ea59-48ec-9a29-4c1e088368ad",
      "platform": "PlayStation 4",
      "name": "Supraland",
      "image": "https://media.rawg.io/media/games/b62/b62581b3e5d0c65268fb33c62865e5df.jpg",
      "genre": "Action",
      "rating": 4.24,
      "releaseDate": "2019-04-05",
      "price": 72.11
    },
    {
      "id": "091becae-c4f5-4463-b34a-bdadf62ea935",
      "platform": "Xbox 360",
      "name": "Gears of War: Judgment",
      "image": "https://media.rawg.io/media/games/4c5/4c53a1916628cb0dfd47b812955c194d.jpg",
      "genre": "Shooter",
      "rating": 2.25,
      "releaseDate": "2013-03-19",
      "price": 141.39
    },
    {
      "id": "0937a89c-1091-4496-ac95-fa1e1e500a32",
      "platform": "Linux",
      "name": "Snapshot",
      "image": "https://media.rawg.io/media/screenshots/750/75092895cb37edc24b83bebf1ebbf4e7.jpg",
      "genre": "Action",
      "rating": 2.85,
      "releaseDate": "2012-08-29",
      "price": 140.15
    },
    {
      "id": "09bfc7f5-c649-413c-a303-faaedbc5a6d4",
      "platform": "PC",
      "name": "Savage Lands",
      "image": "https://media.rawg.io/media/screenshots/0bb/0bbb4b354fa779acc1f08ad1cf693956.jpg",
      "genre": "Action",
      "rating": 3.45,
      "releaseDate": "2015-03-05",
      "price": 113.55
    },
    {
      "id": "09d0e23c-e9b3-442b-aabc-09f68368b78f",
      "platform": "Xbox One",
      "name": "Oddworld: New 'n' Tasty",
      "image": "https://media.rawg.io/media/games/ba0/ba006ef12175ad4773e5964c320099c4.jpg",
      "genre": "Action",
      "rating": 1.1,
      "releaseDate": "2014-07-22",
      "price": 92.56
    },
    {
      "id": "09e78342-d501-4a01-a0c9-e057a886b2ed",
      "platform": "iOS",
      "name": "Beholder",
      "image": "https://media.rawg.io/media/games/40a/40ab95c1639aa1d7ec04d4cd523af6b1.jpg",
      "genre": "Adventure",
      "rating": 2.64,
      "releaseDate": "2016-11-08",
      "price": 51.67
    },
    {
      "id": "09ed4378-855e-49e8-81f9-0776b589db79",
      "platform": "Wii U",
      "name": "Human Resource Machine",
      "image": "https://media.rawg.io/media/screenshots/8ab/8abf17ba4f55182f37b2eb2866fae35d.jpg",
      "genre": "Simulation",
      "rating": 4.87,
      "releaseDate": "2015-10-14",
      "price": 120.98
    }
  ]
}