{
  "countries": [
    {
      "id": 1,
      "name": "Afghanistan",
      "population": 27657145,
      "region": "Asia",
      "area": 652230,
      "flag": "https://restcountries.eu/data/afg.svg"
    },
    {
      "id": 2,
      "name": "Albania",
      "population": 2886026,
      "region": "Europe",
      "area": 28748,
      "flag": "https://restcountries.eu/data/alb.svg"
    },
    {
      "id": 3,
      "name": "Algeria",
      "population": 40400000,
      "region": "Africa",
      "area": 2381741,
      "flag": "https://restcountries.eu/data/dza.svg"
    },
    {
      "id": 4,
      "name": "Angola",
      "population": 25868000,
      "region": "Africa",
      "area": 1246700,
      "flag": "https://restcountries.eu/data/ago.svg"
    },
    {
      "id": 5,
      "name": "Argentina",
      "population": 43590400,
      "region": "Americas",
      "area": 2780400,
      "flag": "https://restcountries.eu/data/arg.svg"
    },
    {
      "id": 6,
      "name": "Armenia",
      "population": 2994400,
      "region": "Asia",
      "area": 29743,
      "flag": "https://restcountries.eu/data/arm.svg"
    },
    {
      "id": 7,
      "name": "Australia",
      "population": 24117360,
      "region": "Oceania",
      "area": 7692024,
      "flag": "https://restcountries.eu/data/aus.svg"
    },
    {
      "id": 8,
      "name": "Austria",
      "population": 8725931,
      "region": "Europe",
      "area": 83871,
      "flag": "https://restcountries.eu/data/aut.svg"
    },
    {
      "id": 9,
      "name": "Azerbaijan",
      "population": 9730500,
      "region": "Asia",
      "area": 86600,
      "flag": "https://restcountries.eu/data/aze.svg"
    },
    {
      "id": 10,
      "name": "Bahrain",
      "population": 1404900,
      "region": "Asia",
      "area": 765,
      "flag": "https://restcountries.eu/data/bhr.svg"
    },
    {
      "id": 11,
      "name": "Bangladesh",
      "population": 161006790,
      "region": "Asia",
      "area": 147570,
      "flag": "https://restcountries.eu/data/bgd.svg"
    },
    {
      "id": 12,
      "name": "Belarus",
      "population": 9498700,
      "region": "Europe",
      "area": 207600,
      "flag": "https://restcountries.eu/data/blr.svg"
    },
    {
      "id": 13,
      "name": "Belgium",
      "population": 11319511,
      "region": "Europe",
      "area": 30528,
      "flag": "https://restcountries.eu/data/bel.svg"
    },
    {
      "id": 14,
      "name": "Benin",
      "population": 10653654,
      "region": "Africa",
      "area": 112622,
      "flag": "https://restcountries.eu/data/ben.svg"
    },
    {
      "id": 15,
      "name": "Bolivia (Plurinational State of)",
      "population": 10985059,
      "region": "Americas",
      "area": 1098581,
      "flag": "https://restcountries.eu/data/bol.svg"
    },
    {
      "id": 16,
      "name": "Bosnia and Herzegovina",
      "population": 3531159,
      "region": "Europe",
      "area": 51209,
      "flag": "https://restcountries.eu/data/bih.svg"
    },
    {
      "id": 17,
      "name": "Botswana",
      "population": 2141206,
      "region": "Africa",
      "area": 582000,
      "flag": "https://restcountries.eu/data/bwa.svg"
    },
    {
      "id": 18,
      "name": "Brazil",
      "population": 206135893,
      "region": "Americas",
      "area": 8515767,
      "flag": "https://restcountries.eu/data/bra.svg"
    },
    {
      "id": 19,
      "name": "Bulgaria",
      "population": 7153784,
      "region": "Europe",
      "area": 110879,
      "flag": "https://restcountries.eu/data/bgr.svg"
    },
    {
      "id": 20,
      "name": "Burkina Faso",
      "population": 19034397,
      "region": "Africa",
      "area": 272967,
      "flag": "https://restcountries.eu/data/bfa.svg"
    },
    {
      "id": 21,
      "name": "Burundi",
      "population": 10114505,
      "region": "Africa",
      "area": 27834,
      "flag": "https://restcountries.eu/data/bdi.svg"
    },
    {
      "id": 22,
      "name": "Cambodia",
      "population": 15626444,
      "region": "Asia",
      "area": 181035,
      "flag": "https://restcountries.eu/data/khm.svg"
    },
    {
      "id": 23,
      "name": "Cameroon",
      "population": 22709892,
      "region": "Africa",
      "area": 475442,
      "flag": "https://restcountries.eu/data/cmr.svg"
    },
    {
      "id": 24,
      "name": "Canada",
      "population": 36155487,
      "region": "Americas",
      "area": 9984670,
      "flag": "https://restcountries.eu/data/can.svg"
    },
    {
      "id": 25,
      "name": "Central African Republic",
      "population": 4998000,
      "region": "Africa",
      "area": 622984,
      "flag": "https://restcountries.eu/data/caf.svg"
    },
    {
      "id": 26,
      "name": "Chad",
      "population": 14497000,
      "region": "Africa",
      "area": 1284000,
      "flag": "https://restcountries.eu/data/tcd.svg"
    },
    {
      "id": 27,
      "name": "Chile",
      "population": 18191900,
      "region": "Americas",
      "area": 756102,
      "flag": "https://restcountries.eu/data/chl.svg"
    },
    {
      "id": 28,
      "name": "China",
      "population": 1377422166,
      "region": "Asia",
      "area": 9640011,
      "flag": "https://restcountries.eu/data/chn.svg"
    },
    {
      "id": 29,
      "name": "Colombia",
      "population": 48759958,
      "region": "Americas",
      "area": 1141748,
      "flag": "https://restcountries.eu/data/col.svg"
    },
    {
      "id": 30,
      "name": "Congo",
      "population": 4741000,
      "region": "Africa",
      "area": 342000,
      "flag": "https://restcountries.eu/data/cog.svg"
    },
    {
      "id": 31,
      "name": "Congo (Democratic Republic of the)",
      "population": 85026000,
      "region": "Africa",
      "area": 2344858,
      "flag": "https://restcountries.eu/data/cod.svg"
    },
    {
      "id": 32,
      "name": "Costa Rica",
      "population": 4890379,
      "region": "Americas",
      "area": 51100,
      "flag": "https://restcountries.eu/data/cri.svg"
    },
    {
      "id": 33,
      "name": "Croatia",
      "population": 4190669,
      "region": "Europe",
      "area": 56594,
      "flag": "https://restcountries.eu/data/hrv.svg"
    },
    {
      "id": 34,
      "name": "Cuba",
      "population": 11239004,
      "region": "Americas",
      "area": 109884,
      "flag": "https://restcountries.eu/data/cub.svg"
    },
    {
      "id": 35,
      "name": "Czech Republic",
      "population": 10558524,
      "region": "Europe",
      "area": 78865,
      "flag": "https://restcountries.eu/data/cze.svg"
    },
    {
      "id": 36,
      "name": "Denmark",
      "population": 5717014,
      "region": "Europe",
      "area": 43094,
      "flag": "https://restcountries.eu/data/dnk.svg"
    },
    {
      "id": 37,
      "name": "Dominican Republic",
      "population": 10075045,
      "region": "Americas",
      "area": 48671,
      "flag": "https://restcountries.eu/data/dom.svg"
    },
    {
      "id": 38,
      "name": "Ecuador",
      "population": 16545799,
      "region": "Americas",
      "area": 276841,
      "flag": "https://restcountries.eu/data/ecu.svg"
    },
    {
      "id": 39,
      "name": "Egypt",
      "population": 91290000,
      "region": "Africa",
      "area": 1002450,
      "flag": "https://restcountries.eu/data/egy.svg"
    },
    {
      "id": 40,
      "name": "El Salvador",
      "population": 6520675,
      "region": "Americas",
      "area": 21041,
      "flag": "https://restcountries.eu/data/slv.svg"
    },
    {
      "id": 41,
      "name": "Equatorial Guinea",
      "population": 1222442,
      "region": "Africa",
      "area": 28051,
      "flag": "https://restcountries.eu/data/gnq.svg"
    },
    {
      "id": 42,
      "name": "Eritrea",
      "population": 5352000,
      "region": "Africa",
      "area": 117600,
      "flag": "https://restcountries.eu/data/eri.svg"
    },
    {
      "id": 43,
      "name": "Estonia",
      "population": 1315944,
      "region": "Europe",
      "area": 45227,
      "flag": "https://restcountries.eu/data/est.svg"
    },
    {
      "id": 44,
      "name": "Ethiopia",
      "population": 92206005,
      "region": "Africa",
      "area": 1104300,
      "flag": "https://restcountries.eu/data/eth.svg"
    },
    {
      "id": 45,
      "name": "Finland",
      "population": 5491817,
      "region": "Europe",
      "area": 338424,
      "flag": "https://restcountries.eu/data/fin.svg"
    },
    {
      "id": 46,
      "name": "France",
      "population": 66710000,
      "region": "Europe",
      "area": 640679,
      "flag": "https://restcountries.eu/data/fra.svg"
    },
    {
      "id": 47,
      "name": "Gabon",
      "population": 1802278,
      "region": "Africa",
      "area": 267668,
      "flag": "https://restcountries.eu/data/gab.svg"
    },
    {
      "id": 48,
      "name": "Gambia",
      "population": 1882450,
      "region": "Africa",
      "area": 11295,
      "flag": "https://restcountries.eu/data/gmb.svg"
    },
    {
      "id": 49,
      "name": "Georgia",
      "population": 3720400,
      "region": "Asia",
      "area": 69700,
      "flag": "https://restcountries.eu/data/geo.svg"
    },
    {
      "id": 50,
      "name": "Germany",
      "population": 81770900,
      "region": "Europe",
      "area": 357114,
      "flag": "https://restcountries.eu/data/deu.svg"
    },
    {
      "id": 51,
      "name": "Ghana",
      "population": 27670174,
      "region": "Africa",
      "area": 238533,
      "flag": "https://restcountries.eu/data/gha.svg"
    },
    {
      "id": 52,
      "name": "Greece",
      "population": 10858018,
      "region": "Europe",
      "area": 131990,
      "flag": "https://restcountries.eu/data/grc.svg"
    },
    {
      "id": 53,
      "name": "Guatemala",
      "population": 16176133,
      "region": "Americas",
      "area": 108889,
      "flag": "https://restcountries.eu/data/gtm.svg"
    },
    {
      "id": 54,
      "name": "Guinea",
      "population": 12947000,
      "region": "Africa",
      "area": 245857,
      "flag": "https://restcountries.eu/data/gin.svg"
    },
    {
      "id": 55,
      "name": "Guinea-Bissau",
      "population": 1547777,
      "region": "Africa",
      "area": 36125,
      "flag": "https://restcountries.eu/data/gnb.svg"
    },
    {
      "id": 56,
      "name": "Haiti",
      "population": 11078033,
      "region": "Americas",
      "area": 27750,
      "flag": "https://restcountries.eu/data/hti.svg"
    },
    {
      "id": 57,
      "name": "Honduras",
      "population": 8576532,
      "region": "Americas",
      "area": 112492,
      "flag": "https://restcountries.eu/data/hnd.svg"
    },
    {
      "id": 58,
      "name": "Hong Kong",
      "population": 7324300,
      "region": "Asia",
      "area": 1104,
      "flag": "https://restcountries.eu/data/hkg.svg"
    },
    {
      "id": 59,
      "name": "Hungary",
      "population": 9823000,
      "region": "Europe",
      "area": 93028,
      "flag": "https://restcountries.eu/data/hun.svg"
    },
    {
      "id": 60,
      "name": "India",
      "population": 1295210000,
      "region": "Asia",
      "area": 3287590,
      "flag": "https://restcountries.eu/data/ind.svg"
    },
    {
      "id": 61,
      "name": "Indonesia",
      "population": 258705000,
      "region": "Asia",
      "area": 1904569,
      "flag": "https://restcountries.eu/data/idn.svg"
    },
    {
      "id": 62,
      "name": "Côte d'Ivoire",
      "population": 22671331,
      "region": "Africa",
      "area": 322463,
      "flag": "https://restcountries.eu/data/civ.svg"
    },
    {
      "id": 63,
      "name": "Iran (Islamic Republic of)",
      "population": 79369900,
      "region": "Asia",
      "area": 1648195,
      "flag": "https://restcountries.eu/data/irn.svg"
    },
    {
      "id": 64,
      "name": "Iraq",
      "population": 37883543,
      "region": "Asia",
      "area": 438317,
      "flag": "https://restcountries.eu/data/irq.svg"
    },
    {
      "id": 65,
      "name": "Ireland",
      "population": 6378000,
      "region": "Europe",
      "area": 70273,
      "flag": "https://restcountries.eu/data/irl.svg"
    },
    {
      "id": 66,
      "name": "Israel",
      "population": 8527400,
      "region": "Asia",
      "area": 20770,
      "flag": "https://restcountries.eu/data/isr.svg"
    },
    {
      "id": 67,
      "name": "Italy",
      "population": 60665551,
      "region": "Europe",
      "area": 301336,
      "flag": "https://restcountries.eu/data/ita.svg"
    },
    {
      "id": 68,
      "name": "Jamaica",
      "population": 2723246,
      "region": "Americas",
      "area": 10991,
      "flag": "https://restcountries.eu/data/jam.svg"
    },
    {
      "id": 69,
      "name": "Japan",
      "population": 126960000,
      "region": "Asia",
      "area": 377930,
      "flag": "https://restcountries.eu/data/jpn.svg"
    },
    {
      "id": 70,
      "name": "Jordan",
      "population": 9531712,
      "region": "Asia",
      "area": 89342,
      "flag": "https://restcountries.eu/data/jor.svg"
    },
    {
      "id": 71,
      "name": "Kazakhstan",
      "population": 17753200,
      "region": "Asia",
      "area": 2724900,
      "flag": "https://restcountries.eu/data/kaz.svg"
    },
    {
      "id": 72,
      "name": "Kenya",
      "population": 47251000,
      "region": "Africa",
      "area": 580367,
      "flag": "https://restcountries.eu/data/ken.svg"
    },
    {
      "id": 73,
      "name": "Kuwait",
      "population": 4183658,
      "region": "Asia",
      "area": 17818,
      "flag": "https://restcountries.eu/data/kwt.svg"
    },
    {
      "id": 74,
      "name": "Kyrgyzstan",
      "population": 6047800,
      "region": "Asia",
      "area": 199951,
      "flag": "https://restcountries.eu/data/kgz.svg"
    },
    {
      "id": 75,
      "name": "Lao People's Democratic Republic",
      "population": 6492400,
      "region": "Asia",
      "area": 236800,
      "flag": "https://restcountries.eu/data/lao.svg"
    },
    {
      "id": 76,
      "name": "Latvia",
      "population": 1961600,
      "region": "Europe",
      "area": 64559,
      "flag": "https://restcountries.eu/data/lva.svg"
    },
    {
      "id": 77,
      "name": "Lebanon",
      "population": 5988000,
      "region": "Asia",
      "area": 10452,
      "flag": "https://restcountries.eu/data/lbn.svg"
    },
    {
      "id": 78,
      "name": "Lesotho",
      "population": 1894194,
      "region": "Africa",
      "area": 30355,
      "flag": "https://restcountries.eu/data/lso.svg"
    },
    {
      "id": 79,
      "name": "Liberia",
      "population": 4615000,
      "region": "Africa",
      "area": 111369,
      "flag": "https://restcountries.eu/data/lbr.svg"
    },
    {
      "id": 80,
      "name": "Libya",
      "population": 6385000,
      "region": "Africa",
      "area": 1759540,
      "flag": "https://restcountries.eu/data/lby.svg"
    },
    {
      "id": 81,
      "name": "Lithuania",
      "population": 2872294,
      "region": "Europe",
      "area": 65300,
      "flag": "https://restcountries.eu/data/ltu.svg"
    },
    {
      "id": 82,
      "name": "Macedonia (the former Yugoslav Republic of)",
      "population": 2058539,
      "region": "Europe",
      "area": 25713,
      "flag": "https://restcountries.eu/data/mkd.svg"
    },
    {
      "id": 83,
      "name": "Madagascar",
      "population": 22434363,
      "region": "Africa",
      "area": 587041,
      "flag": "https://restcountries.eu/data/mdg.svg"
    },
    {
      "id": 84,
      "name": "Malawi",
      "population": 16832910,
      "region": "Africa",
      "area": 118484,
      "flag": "https://restcountries.eu/data/mwi.svg"
    },
    {
      "id": 85,
      "name": "Malaysia",
      "population": 31405416,
      "region": "Asia",
      "area": 330803,
      "flag": "https://restcountries.eu/data/mys.svg"
    },
    {
      "id": 86,
      "name": "Mali",
      "population": 18135000,
      "region": "Africa",
      "area": 1240192,
      "flag": "https://restcountries.eu/data/mli.svg"
    },
    {
      "id": 87,
      "name": "Mauritania",
      "population": 3718678,
      "region": "Africa",
      "area": 1030700,
      "flag": "https://restcountries.eu/data/mrt.svg"
    },
    {
      "id": 88,
      "name": "Mauritius",
      "population": 1262879,
      "region": "Africa",
      "area": 2040,
      "flag": "https://restcountries.eu/data/mus.svg"
    },
    {
      "id": 89,
      "name": "Mexico",
      "population": 122273473,
      "region": "Americas",
      "area": 1964375,
      "flag": "https://restcountries.eu/data/mex.svg"
    },
    {
      "id": 90,
      "name": "Moldova (Republic of)",
      "population": 3553100,
      "region": "Europe",
      "area": 33846,
      "flag": "https://restcountries.eu/data/mda.svg"
    },
    {
      "id": 91,
      "name": "Mongolia",
      "population": 3093100,
      "region": "Asia",
      "area": 1564110,
      "flag": "https://restcountries.eu/data/mng.svg"
    },
    {
      "id": 92,
      "name": "Morocco",
      "population": 33337529,
      "region": "Africa",
      "area": 446550,
      "flag": "https://restcountries.eu/data/mar.svg"
    },
    {
      "id": 93,
      "name": "Mozambique",
      "population": 26423700,
      "region": "Africa",
      "area": 801590,
      "flag": "https://restcountries.eu/data/moz.svg"
    },
    {
      "id": 94,
      "name": "Myanmar",
      "population": 51419420,
      "region": "Asia",
      "area": 676578,
      "flag": "https://restcountries.eu/data/mmr.svg"
    },
    {
      "id": 95,
      "name": "Namibia",
      "population": 2324388,
      "region": "Africa",
      "area": 825615,
      "flag": "https://restcountries.eu/data/nam.svg"
    },
    {
      "id": 96,
      "name": "Nepal",
      "population": 28431500,
      "region": "Asia",
      "area": 147181,
      "flag": "https://restcountries.eu/data/npl.svg"
    },
    {
      "id": 97,
      "name": "Netherlands",
      "population": 17019800,
      "region": "Europe",
      "area": 41850,
      "flag": "https://restcountries.eu/data/nld.svg"
    },
    {
      "id": 98,
      "name": "New Zealand",
      "population": 4697854,
      "region": "Oceania",
      "area": 270467,
      "flag": "https://restcountries.eu/data/nzl.svg"
    },
    {
      "id": 99,
      "name": "Nicaragua",
      "population": 6262703,
      "region": "Americas",
      "area": 130373,
      "flag": "https://restcountries.eu/data/nic.svg"
    },
    {
      "id": 100,
      "name": "Niger",
      "population": 20715000,
      "region": "Africa",
      "area": 1267000,
      "flag": "https://restcountries.eu/data/ner.svg"
    },
    {
      "id": 101,
      "name": "Nigeria",
      "population": 186988000,
      "region": "Africa",
      "area": 923768,
      "flag": "https://restcountries.eu/data/nga.svg"
    },
    {
      "id": 102,
      "name": "Korea (Democratic People's Republic of)",
      "population": 25281000,
      "region": "Asia",
      "area": 120538,
      "flag": "https://restcountries.eu/data/prk.svg"
    },
    {
      "id": 103,
      "name": "Norway",
      "population": 5223256,
      "region": "Europe",
      "area": 323802,
      "flag": "https://restcountries.eu/data/nor.svg"
    },
    {
      "id": 104,
      "name": "Oman",
      "population": 4420133,
      "region": "Asia",
      "area": 309500,
      "flag": "https://restcountries.eu/data/omn.svg"
    },
    {
      "id": 105,
      "name": "Pakistan",
      "population": 194125062,
      "region": "Asia",
      "area": 881912,
      "flag": "https://restcountries.eu/data/pak.svg"
    },
    {
      "id": 106,
      "name": "Palestine, State of",
      "population": 4682467,
      "region": "Asia",
      "area": null,
      "flag": "https://restcountries.eu/data/pse.svg"
    },
    {
      "id": 107,
      "name": "Panama",
      "population": 3814672,
      "region": "Americas",
      "area": 75417,
      "flag": "https://restcountries.eu/data/pan.svg"
    },
    {
      "id": 108,
      "name": "Papua New Guinea",
      "population": 8083700,
      "region": "Oceania",
      "area": 462840,
      "flag": "https://restcountries.eu/data/png.svg"
    },
    {
      "id": 109,
      "name": "Paraguay",
      "population": 6854536,
      "region": "Americas",
      "area": 406752,
      "flag": "https://restcountries.eu/data/pry.svg"
    },
    {
      "id": 110,
      "name": "Peru",
      "population": 31488700,
      "region": "Americas",
      "area": 1285216,
      "flag": "https://restcountries.eu/data/per.svg"
    },
    {
      "id": 111,
      "name": "Philippines",
      "population": 103279800,
      "region": "Asia",
      "area": 342353,
      "flag": "https://restcountries.eu/data/phl.svg"
    },
    {
      "id": 112,
      "name": "Poland",
      "population": 38437239,
      "region": "Europe",
      "area": 312679,
      "flag": "https://restcountries.eu/data/pol.svg"
    },
    {
      "id": 113,
      "name": "Portugal",
      "population": 10374822,
      "region": "Europe",
      "area": 92090,
      "flag": "https://restcountries.eu/data/prt.svg"
    },
    {
      "id": 114,
      "name": "Puerto Rico",
      "population": 3474182,
      "region": "Americas",
      "area": 8870,
      "flag": "https://restcountries.eu/data/pri.svg"
    },
    {
      "id": 115,
      "name": "Qatar",
      "population": 2587564,
      "region": "Asia",
      "area": 11586,
      "flag": "https://restcountries.eu/data/qat.svg"
    },
    {
      "id": 116,
      "name": "Romania",
      "population": 19861408,
      "region": "Europe",
      "area": 238391,
      "flag": "https://restcountries.eu/data/rou.svg"
    },
    {
      "id": 117,
      "name": "Russian Federation",
      "population": 146599183,
      "region": "Europe",
      "area": 17124442,
      "flag": "https://restcountries.eu/data/rus.svg"
    },
    {
      "id": 118,
      "name": "Rwanda",
      "population": 11553188,
      "region": "Africa",
      "area": 26338,
      "flag": "https://restcountries.eu/data/rwa.svg"
    },
    {
      "id": 119,
      "name": "Saudi Arabia",
      "population": 32248200,
      "region": "Asia",
      "area": 2149690,
      "flag": "https://restcountries.eu/data/sau.svg"
    },
    {
      "id": 120,
      "name": "Senegal",
      "population": 14799859,
      "region": "Africa",
      "area": 196722,
      "flag": "https://restcountries.eu/data/sen.svg"
    },
    {
      "id": 121,
      "name": "Serbia",
      "population": 7076372,
      "region": "Europe",
      "area": 88361,
      "flag": "https://restcountries.eu/data/srb.svg"
    },
    {
      "id": 122,
      "name": "Sierra Leone",
      "population": 7075641,
      "region": "Africa",
      "area": 71740,
      "flag": "https://restcountries.eu/data/sle.svg"
    },
    {
      "id": 123,
      "name": "Singapore",
      "population": 5535000,
      "region": "Asia",
      "area": 710,
      "flag": "https://restcountries.eu/data/sgp.svg"
    },
    {
      "id": 124,
      "name": "Slovakia",
      "population": 5426252,
      "region": "Europe",
      "area": 49037,
      "flag": "https://restcountries.eu/data/svk.svg"
    },
    {
      "id": 125,
      "name": "Slovenia",
      "population": 2064188,
      "region": "Europe",
      "area": 20273,
      "flag": "https://restcountries.eu/data/svn.svg"
    },
    {
      "id": 126,
      "name": "Somalia",
      "population": 11079000,
      "region": "Africa",
      "area": 637657,
      "flag": "https://restcountries.eu/data/som.svg"
    },
    {
      "id": 127,
      "name": "South Africa",
      "population": 55653654,
      "region": "Africa",
      "area": 1221037,
      "flag": "https://restcountries.eu/data/zaf.svg"
    },
    {
      "id": 128,
      "name": "Korea (Republic of)",
      "population": 50801405,
      "region": "Asia",
      "area": 100210,
      "flag": "https://restcountries.eu/data/kor.svg"
    },
    {
      "id": 129,
      "name": "South Sudan",
      "population": 12131000,
      "region": "Africa",
      "area": 619745,
      "flag": "https://restcountries.eu/data/ssd.svg"
    },
    {
      "id": 130,
      "name": "Spain",
      "population": 46438422,
      "region": "Europe",
      "area": 505992,
      "flag": "https://restcountries.eu/data/esp.svg"
    },
    {
      "id": 131,
      "name": "Sri Lanka",
      "population": 20966000,
      "region": "Asia",
      "area": 65610,
      "flag": "https://restcountries.eu/data/lka.svg"
    },
    {
      "id": 132,
      "name": "Sudan",
      "population": 39598700,
      "region": "Africa",
      "area": 1886068,
      "flag": "https://restcountries.eu/data/sdn.svg"
    },
    {
      "id": 133,
      "name": "Swaziland",
      "population": 1132657,
      "region": "Africa",
      "area": 17364,
      "flag": "https://restcountries.eu/data/swz.svg"
    },
    {
      "id": 134,
      "name": "Sweden",
      "population": 9894888,
      "region": "Europe",
      "area": 450295,
      "flag": "https://restcountries.eu/data/swe.svg"
    },
    {
      "id": 135,
      "name": "Switzerland",
      "population": 8341600,
      "region": "Europe",
      "area": 41284,
      "flag": "https://restcountries.eu/data/che.svg"
    },
    {
      "id": 136,
      "name": "Syrian Arab Republic",
      "population": 18564000,
      "region": "Asia",
      "area": 185180,
      "flag": "https://restcountries.eu/data/syr.svg"
    },
    {
      "id": 137,
      "name": "Taiwan",
      "population": 23503349,
      "region": "Asia",
      "area": 36193,
      "flag": "https://restcountries.eu/data/twn.svg"
    },
    {
      "id": 138,
      "name": "Tajikistan",
      "population": 8593600,
      "region": "Asia",
      "area": 143100,
      "flag": "https://restcountries.eu/data/tjk.svg"
    },
    {
      "id": 139,
      "name": "Tanzania, United Republic of",
      "population": 55155000,
      "region": "Africa",
      "area": 945087,
      "flag": "https://restcountries.eu/data/tza.svg"
    },
    {
      "id": 140,
      "name": "Thailand",
      "population": 65327652,
      "region": "Asia",
      "area": 513120,
      "flag": "https://restcountries.eu/data/tha.svg"
    },
    {
      "id": 141,
      "name": "Timor-Leste",
      "population": 1167242,
      "region": "Asia",
      "area": 14874,
      "flag": "https://restcountries.eu/data/tls.svg"
    },
    {
      "id": 142,
      "name": "Togo",
      "population": 7143000,
      "region": "Africa",
      "area": 56785,
      "flag": "https://restcountries.eu/data/tgo.svg"
    },
    {
      "id": 143,
      "name": "Trinidad and Tobago",
      "population": 1349667,
      "region": "Americas",
      "area": 5130,
      "flag": "https://restcountries.eu/data/tto.svg"
    },
    {
      "id": 144,
      "name": "Tunisia",
      "population": 11154400,
      "region": "Africa",
      "area": 163610,
      "flag": "https://restcountries.eu/data/tun.svg"
    },
    {
      "id": 145,
      "name": "Turkey",
      "population": 78741053,
      "region": "Asia",
      "area": 783562,
      "flag": "https://restcountries.eu/data/tur.svg"
    },
    {
      "id": 146,
      "name": "Turkmenistan",
      "population": 4751120,
      "region": "Asia",
      "area": 488100,
      "flag": "https://restcountries.eu/data/tkm.svg"
    },
    {
      "id": 147,
      "name": "Uganda",
      "population": 33860700,
      "region": "Africa",
      "area": 241550,
      "flag": "https://restcountries.eu/data/uga.svg"
    },
    {
      "id": 148,
      "name": "Ukraine",
      "population": 42692393,
      "region": "Europe",
      "area": 603700,
      "flag": "https://restcountries.eu/data/ukr.svg"
    },
    {
      "id": 149,
      "name": "United Arab Emirates",
      "population": 9856000,
      "region": "Asia",
      "area": 83600,
      "flag": "https://restcountries.eu/data/are.svg"
    },
    {
      "id": 150,
      "name": "United Kingdom of Great Britain and Northern Ireland",
      "population": 65110000,
      "region": "Europe",
      "area": 242900,
      "flag": "https://restcountries.eu/data/gbr.svg"
    },
    {
      "id": 151,
      "name": "United States of America",
      "population": 323947000,
      "region": "Americas",
      "area": 9629091,
      "flag": "https://restcountries.eu/data/usa.svg"
    },
    {
      "id": 152,
      "name": "Uruguay",
      "population": 3480222,
      "region": "Americas",
      "area": 181034,
      "flag": "https://restcountries.eu/data/ury.svg"
    },
    {
      "id": 153,
      "name": "Uzbekistan",
      "population": 31576400,
      "region": "Asia",
      "area": 447400,
      "flag": "https://restcountries.eu/data/uzb.svg"
    },
    {
      "id": 154,
      "name": "Venezuela (Bolivarian Republic of)",
      "population": 31028700,
      "region": "Americas",
      "area": 916445,
      "flag": "https://restcountries.eu/data/ven.svg"
    },
    {
      "id": 155,
      "name": "Viet Nam",
      "population": 92700000,
      "region": "Asia",
      "area": 331212,
      "flag": "https://restcountries.eu/data/vnm.svg"
    },
    {
      "id": 156,
      "name": "Yemen",
      "population": 27478000,
      "region": "Asia",
      "area": 527968,
      "flag": "https://restcountries.eu/data/yem.svg"
    },
    {
      "id": 157,
      "name": "Zambia",
      "population": 15933883,
      "region": "Africa",
      "area": 752612,
      "flag": "https://restcountries.eu/data/zmb.svg"
    },
    {
      "id": 158,
      "name": "Zimbabwe",
      "population": 14240168,
      "region": "Africa",
      "area": 390757,
      "flag": "https://restcountries.eu/data/zwe.svg"
    }
  ]
}